id,first_name,last_name,gender,date_of_birth,email,country_of_birth
1,John,Wick,MALE,1988-01-09,,
2,Natasha,Wilona,FEMALE,1990-01-09,,
3,Lana,Del,Female,2000-10-05,lana@gmail.com,
4,Maxwell,Challace,Male,2025-03-14,mchallace0@comsenz.com,Canada
5,Lorelei,Crebbin,Female,2025-02-21,lcrebbin1@thetimes.co.uk,Indonesia
6,Marsiella,Wildgoose,Female,2025-02-18,mwildgoose2@technorati.com,China
7,Mathilde,Halbord,Female,2025-09-17,,Philippines
8,Reinwald,Corteis,Male,2025-02-06,,Indonesia
9,Gail,McLucas,Female,2025-07-03,gmclucas5@ed.gov,Indonesia
10,Quinton,Kinnane,Male,2025-06-09,qkinnane6@ca.gov,Croatia
11,Alexine,Coffey,Female,2025-05-19,acoffey7@apple.com,Cameroon
12,Yancy,Sansam,Male,2025-09-11,ysansam8@jugem.jp,Indonesia
13,Tobye,Gilbart,Female,2025-11-16,tgilbart9@ucla.edu,Japan
14,Dorothee,Tanti,Female,2025-01-15,,Czech Republic
15,Vassily,Boles,Male,2025-05-03,vbolesb@mashable.com,Hungary
16,Jasen,Jablonski,Male,2025-09-12,,Philippines
17,Zorina,Goggen,Female,2025-10-09,,Poland
18,Libby,Stallen,Female,2024-12-27,,Portugal
19,Rudy,Creighton,Male,2024-12-27,rcreightonf@about.com,China
20,Carson,Packham,Male,2025-05-30,cpackhamg@cnet.com,Indonesia
21,Dannel,Rizzo,Male,2025-05-21,drizzoh@independent.co.uk,Indonesia
22,Vallie,Bowry,Female,2025-05-26,vbowryi@zimbio.com,Russia
23,Mickie,Robroe,Male,2025-02-28,mrobroej@list-manage.com,Japan
24,Maddy,Stoile,Male,2025-02-11,mstoilek@upenn.edu,China
25,Benjie,Cameli,Male,2025-06-02,,China
26,Worth,Babbidge,Male,2025-03-02,wbabbidgem@mail.ru,China
27,Edd,Piggens,Male,2025-09-14,epiggensn@technorati.com,Russia
28,Gretal,Alvin,Female,2025-10-19,,Japan
29,Wolfy,Edger,Male,2025-04-23,wedgerp@oaic.gov.au,Georgia
30,Nita,Samuel,Female,2025-04-29,,China
31,Debbi,Neilus,Female,2025-11-03,dneiluss@discovery.com,Ireland
32,Kipp,Dubock,Male,2025-08-15,kdubockt@illinois.edu,Canada
33,Gaston,Carayol,Male,2025-08-10,gcarayolu@blogtalkradio.com,Colombia
34,Tracee,Pickaver,Female,2025-10-29,tpickaverv@cnbc.com,Portugal
35,Georgena,Fick,Female,2025-09-03,gfickw@free.fr,United States
36,Robinett,Whymark,Female,2025-07-15,,Japan
37,Linnell,Lannon,Female,2025-05-07,,Argentina
38,Gregg,Gallafant,Male,2025-09-11,ggallafantz@purevolume.com,United States
39,Richart,Rantoull,Male,2025-10-15,,Croatia
40,Denys,Tamburi,Male,2025-03-26,dtamburi12@washingtonpost.com,Albania
41,Tripp,Jessopp,Male,2024-12-11,tjessopp13@blogspot.com,Nigeria
42,Georgia,Hustings,Female,2025-09-13,ghustings14@shutterfly.com,United States
43,Robyn,Attenbarrow,Female,2025-07-17,rattenbarrow15@blogspot.com,France
44,Francesca,Proom,Female,2025-09-26,,Russia
45,Arlee,Deex,Female,2025-05-15,adeex17@is.gd,Mexico
46,Huey,Fante,Male,2025-11-14,,China
47,Joane,Wolford,Female,2025-09-08,jwolford19@howstuffworks.com,China
48,Lucinda,Tesseyman,Female,2025-07-12,,Ethiopia
49,Myrtle,Zincke,Female,2025-02-03,mzincke1b@omniture.com,Afghanistan
50,Lisette,Guerrazzi,Female,2025-06-04,,Indonesia
51,Maxie,Marielle,Male,2024-12-02,mmarielle1d@sciencedirect.com,China
52,Roma,Englefield,Male,2025-08-03,renglefield1e@yale.edu,Sweden
53,Hamil,Stanyard,Male,2025-06-21,,Indonesia
54,Vanya,Radbourn,Female,2025-08-11,,Russia
55,Jacynth,Alliker,Female,2025-02-16,jalliker1h@smugmug.com,Russia
56,Junia,Nyland,Female,2025-04-09,jnyland1i@msn.com,Slovenia
57,Jeromy,Chisman,Male,2025-01-25,jchisman1j@deliciousdays.com,Uzbekistan
58,Eustace,Prendergrass,Male,2024-11-28,,Indonesia
59,Demeter,Lovewell,Female,2025-03-08,dlovewell1l@wikispaces.com,Indonesia
60,Conant,Chaffin,Male,2025-07-06,cchaffin1m@reference.com,Russia
61,Didi,Paroni,Female,2024-12-26,dparoni1p@wiley.com,Indonesia
62,Jory,Sorton,Male,2024-11-27,jsorton1q@thetimes.co.uk,Indonesia
63,Georas,Clift,Male,2025-03-13,,Tunisia
64,Valeria,Jagg,Female,2025-10-02,vjagg1s@newsvine.com,China
65,Cathie,Moulson,Female,2025-04-19,cmoulson1u@intel.com,Portugal
66,Carlynn,Coard,Female,2025-10-26,ccoard1v@accuweather.com,Estonia
67,Garrek,Archbell,Male,2025-11-16,garchbell1w@hexun.com,Poland
68,Arch,McDill,Male,2025-07-24,amcdill1x@weather.com,Tunisia
69,Josee,Prendergrast,Female,2025-03-08,,Costa Rica
70,Anneliese,Prew,Female,2025-04-02,aprew1z@slashdot.org,Chile
71,Pegeen,Heaysman,Female,2025-04-27,pheaysman20@cafepress.com,Philippines
72,Midge,Broomhall,Female,2025-11-17,mbroomhall21@sciencedaily.com,Indonesia
73,Ericka,Wolstenholme,Female,2025-04-02,ewolstenholme23@behance.net,China
74,Cthrine,Littlecote,Female,2024-12-10,,Spain
75,Flore,Hardaway,Female,2025-05-24,fhardaway25@constantcontact.com,Thailand
76,Sigfried,Sarsons,Male,2025-11-18,ssarsons26@multiply.com,Bangladesh
77,Zitella,Vassay,Female,2025-03-23,,United States
78,Giff,Fairholme,Male,2024-12-24,gfairholme28@nymag.com,Albania
79,Dorthea,Bailes,Female,2025-06-11,dbailes29@booking.com,Palestinian Territory
80,Bobbie,Blanc,Male,2025-01-17,bblanc2a@istockphoto.com,Malawi
81,Brianna,Dinneen,Female,2025-06-05,,France
82,Chrissie,Littler,Male,2025-10-12,clittler2c@oracle.com,Swaziland
83,Porty,Liver,Male,2025-07-10,,Sweden
84,Nicky,Wands,Female,2025-05-26,,Russia
85,Chalmers,Bevens,Male,2025-01-05,cbevens2f@tripadvisor.com,Mali
86,Barnie,Everingham,Male,2025-09-03,beveringham2g@furl.net,San Marino
87,Dennet,Reef,Male,2025-10-28,dreef2h@comsenz.com,Laos
88,Norrie,Bakhrushkin,Female,2025-03-18,nbakhrushkin2i@nbcnews.com,Indonesia
89,Alexandrina,Bernardeau,Female,2025-02-01,,China
90,Zechariah,Handsheart,Male,2025-02-15,,Bolivia
91,Codie,Umbers,Male,2025-08-24,,China
92,Lorinda,Polleye,Female,2025-06-13,lpolleye2n@latimes.com,Czech Republic
93,Albertina,Grzesiewicz,Female,2025-11-04,agrzesiewicz2o@purevolume.com,Serbia
94,Elvira,Halson,Female,2025-11-01,ehalson2p@yellowpages.com,China
95,Ilario,Vakhonin,Male,2025-06-10,ivakhonin2q@discovery.com,Portugal
96,Andreas,Domenge,Male,2025-11-07,adomenge2r@uiuc.edu,Indonesia
97,Thaddus,Casse,Male,2024-12-09,tcasse2s@accuweather.com,Indonesia
98,Henderson,Schafer,Male,2025-09-14,hschafer2t@a8.net,Bangladesh
99,Briggs,Knappe,Male,2025-09-20,bknappe2u@google.ru,Cameroon
100,Adriana,Sesser,Female,2025-01-05,asesser2v@fotki.com,Canada
101,Camile,Gozard,Female,2025-03-19,,Peru
102,Celia,Purdy,Female,2025-01-16,,Brazil
103,Minny,Yuryshev,Female,2025-10-21,myuryshev2y@vistaprint.com,Poland
104,Gerome,Delbergue,Male,2025-02-23,,China
105,Ludvig,Sharpin,Male,2025-05-24,lsharpin30@mit.edu,Brazil
106,Latisha,Stonuary,Female,2025-04-01,lstonuary31@tripod.com,China
107,Mayor,Marrington,Male,2025-11-08,mmarrington32@ow.ly,China
108,Kirsten,Klimpke,Female,2025-11-17,kklimpke33@samsung.com,United States
109,Glenda,Gorling,Female,2025-02-10,ggorling34@jigsy.com,United Kingdom
110,Shaylah,Dryburgh,Female,2025-11-13,sdryburgh35@tinypic.com,China
111,Modesty,Prandi,Female,2025-09-17,mprandi36@msn.com,Oman
112,Roberta,Weaben,Female,2025-07-12,rweaben37@seesaa.net,France
113,Sayre,Ohm,Male,2025-06-15,sohm38@bluehost.com,Russia
114,Joan,Kelson,Female,2024-12-31,jkelson39@webnode.com,Portugal
115,Joscelin,Geldard,Female,2025-07-08,,Ukraine
116,Lucita,Rodenburg,Female,2025-07-14,lrodenburg3b@deviantart.com,Pakistan
117,Cynthie,Coppard,Female,2025-03-21,ccoppard3c@walmart.com,Colombia
118,Tine,Sapsforde,Female,2024-12-11,tsapsforde3d@goo.gl,China
119,Adella,Swaine,Female,2025-08-03,aswaine3e@bizjournals.com,China
120,Daryl,Bortolazzi,Female,2025-05-09,,Russia
121,Travers,Murrells,Male,2025-08-16,tmurrells3g@google.co.uk,Thailand
122,Buddie,Golda,Male,2025-05-30,bgolda3h@theglobeandmail.com,Cameroon
123,Annecorinne,Napleton,Female,2025-10-21,,Nigeria
124,Michelina,Bilbery,Female,2024-12-24,mbilbery3k@smh.com.au,Indonesia
125,Joshuah,Larimer,Male,2025-01-16,,China
126,Hort,Diano,Male,2024-12-18,hdiano3n@cam.ac.uk,Sweden
127,Randell,Sudlow,Male,2025-01-10,,Portugal
128,Ernest,Kellick,Male,2025-05-09,ekellick3p@posterous.com,China
129,Athene,Bloor,Female,2025-08-10,,Indonesia
130,Judah,Surgeoner,Male,2025-04-09,jsurgeoner3s@mail.ru,Sweden
131,Rosalyn,Caldecutt,Female,2025-01-23,rcaldecutt3t@jalbum.net,Finland
132,Rainer,McRannell,Male,2025-03-05,,Finland
133,Jefferey,Oscroft,Male,2025-04-20,joscroft3v@sitemeter.com,Ghana
134,Carlie,Sharrocks,Male,2025-09-08,,Bolivia
135,Kaycee,Margarson,Female,2025-05-07,kmargarson3z@chronoengine.com,Greece
136,Franz,Suermeier,Male,2025-01-05,,Nigeria
137,Norean,Maslen,Female,2025-06-05,,Brazil
138,Celina,Kleinstern,Female,2025-04-13,ckleinstern42@oakley.com,United States
139,Dorthy,Rosenau,Female,2025-03-11,drosenau43@ow.ly,France
140,Alix,Enevold,Male,2025-04-17,,Ireland
141,Joleen,Ambrosio,Female,2025-07-05,,Mexico
142,Kip,Russon,Male,2025-01-13,krusson46@ezinearticles.com,Brazil
143,Reggy,Duffus,Male,2025-09-16,rduffus47@freewebs.com,Mauritania
144,William,MacSween,Male,2025-08-04,wmacsween48@xrea.com,Indonesia
145,Ole,Hendrickx,Male,2025-08-15,,Philippines
146,Kissiah,Beeching,Female,2024-12-03,,Ireland
147,Kerwin,Brammall,Male,2025-02-15,kbrammall4c@soundcloud.com,Ukraine
148,Alana,Dacres,Female,2025-06-25,adacres4d@blog.com,Honduras
149,Terrel,Sadgrove,Male,2025-05-14,tsadgrove4e@naver.com,Portugal
150,Natalina,Marvin,Female,2025-10-26,nmarvin4f@issuu.com,China
151,Batholomew,Lammenga,Male,2025-02-08,blammenga4g@mapquest.com,Indonesia
152,Ulberto,Klinck,Male,2025-02-17,,Ukraine
153,Sanson,Petroulis,Male,2024-12-28,spetroulis4i@mashable.com,Philippines
154,Waylin,Reason,Male,2025-05-17,wreason4j@bigcartel.com,China
155,Kalinda,Greenroad,Female,2025-10-11,kgreenroad4k@flavors.me,Vietnam
156,Leonhard,Maidlow,Male,2025-03-24,lmaidlow4l@bbc.co.uk,Indonesia
157,Melessa,Prise,Female,2025-01-23,mprise4m@comcast.net,Russia
158,Vinita,Scardifeild,Female,2025-06-06,vscardifeild4n@nature.com,Indonesia
159,Eleanore,Birks,Female,2025-01-18,ebirks4o@a8.net,China
160,Shantee,Woodman,Female,2025-03-29,swoodman4p@narod.ru,Indonesia
161,Avram,Sarten,Male,2025-06-20,,Brazil
162,Desiree,Mityashev,Female,2025-06-05,dmityashev4t@edublogs.org,Mexico
163,Harlie,Ledram,Female,2025-05-27,hledram4w@feedburner.com,Italy
164,Giacopo,Woodwing,Male,2025-11-15,gwoodwing4x@archive.org,China
165,Barrie,Arrow,Male,2025-04-26,barrow4z@seesaa.net,Vietnam
166,Jim,Mackie,Male,2025-09-22,,China
167,Ethel,Morstatt,Female,2025-11-09,emorstatt51@lulu.com,Peru
168,Dehlia,Stillmann,Female,2025-02-02,dstillmann52@joomla.org,Bangladesh
169,Eziechiele,Fylan,Male,2024-12-07,efylan53@arizona.edu,Indonesia
170,Milly,Elesander,Female,2025-11-06,,Pakistan
171,Shandra,Wigley,Female,2025-09-14,swigley55@wikimedia.org,Canada
172,Ethelda,McGavigan,Female,2025-09-22,emcgavigan56@wix.com,Indonesia
173,Elita,Gallafant,Female,2024-11-19,egallafant57@barnesandnoble.com,Colombia
174,Elena,Squibe,Female,2025-04-13,,Bosnia and Herzegovina
175,Nobie,Lorman,Male,2025-01-06,nlorman59@plala.or.jp,China
176,Vidovik,Kyles,Male,2025-08-17,vkyles5a@twitpic.com,Iran
177,Ossie,Churn,Male,2025-07-09,ochurn5b@friendfeed.com,Tanzania
178,Desdemona,Ballston,Female,2025-03-19,dballston5c@goo.gl,Mongolia
179,Gillian,Tiernan,Female,2025-07-11,gtiernan5d@amazon.co.uk,Indonesia
180,Ellery,Grimshaw,Male,2025-03-22,,China
181,Freeland,Carley,Male,2025-05-22,fcarley5f@jalbum.net,Portugal
182,Jordan,Bennis,Female,2025-07-26,,Costa Rica
183,Peta,Stoile,Female,2025-07-12,pstoile5h@kickstarter.com,Mexico
184,Gilligan,Bradd,Female,2025-04-22,gbradd5i@nationalgeographic.com,Brazil
185,Trina,Radleigh,Female,2025-08-08,tradleigh5j@kickstarter.com,Peru
186,Marilin,Mehmet,Female,2025-10-23,mmehmet5k@umn.edu,China
187,Herculie,Cervantes,Male,2025-01-30,,China
188,Alf,Beeston,Male,2025-04-01,,China
189,Anjanette,Farens,Female,2024-11-30,,China
190,Tess,Jupp,Female,2025-02-08,,United States
191,Wilmer,Wyldish,Male,2025-03-03,wwyldish5q@youtu.be,Cuba
192,Kiley,Layne,Female,2025-07-04,klayne5s@topsy.com,Macedonia
193,Ugo,Tomaschke,Male,2025-02-25,,Poland
194,Mervin,Bartel,Male,2024-11-19,mbartel5u@bigcartel.com,Philippines
195,Ward,Tomasi,Male,2025-09-08,wtomasi5v@blinklist.com,Jordan
196,Arabela,Bougen,Female,2025-04-16,abougen5w@microsoft.com,China
197,Giacopo,Marwood,Male,2025-06-29,gmarwood5x@oakley.com,Cuba
198,Gerek,Growcock,Male,2025-04-12,,Sweden
199,Coralyn,Toffts,Female,2025-05-14,,France
200,Den,Begbie,Male,2025-05-31,,Uzbekistan
201,Angelica,Pendlebery,Female,2025-04-29,apendlebery61@nyu.edu,China
202,Domini,Pirelli,Female,2025-01-31,dpirelli62@tinyurl.com,Indonesia
203,Donnie,Kusick,Male,2025-02-17,dkusick63@goo.ne.jp,Portugal
204,Olly,Lenard,Female,2025-03-06,olenard65@bloglines.com,Russia
205,Neils,O'Halligan,Male,2025-09-30,,Canada
206,Geordie,Congram,Male,2025-02-15,,China
207,Kittie,Cunnell,Female,2025-10-27,kcunnell68@myspace.com,Indonesia
208,Isador,William,Male,2025-11-16,iwilliam69@edublogs.org,Brazil
209,Ailene,Lammin,Female,2025-07-14,,Serbia
210,Rafaelita,Summerell,Female,2024-12-16,rsummerell6b@wix.com,Indonesia
211,Lou,Haukey,Male,2025-09-13,lhaukey6c@cafepress.com,Mongolia
212,Dal,Whetland,Male,2025-04-10,,Sweden
213,Robert,Hansemann,Male,2024-11-28,,Equatorial Guinea
214,Enrica,Sargant,Female,2025-03-07,,France
215,Zea,Lodden,Female,2025-06-24,,China
216,Gertrudis,Kondratenko,Female,2025-07-09,gkondratenko6h@domainmarket.com,Portugal
217,Shem,Ducker,Male,2025-10-30,sducker6i@privacy.gov.au,China
218,Brandy,Draysay,Male,2024-12-21,bdraysay6j@fotki.com,Russia
219,Steffen,Farguhar,Male,2025-09-04,sfarguhar6k@parallels.com,Russia
220,Travis,Pemble,Male,2025-01-20,tpemble6l@businesswire.com,Bosnia and Herzegovina
221,Baxter,Kleisel,Male,2025-05-23,bkleisel6m@un.org,Ukraine
222,Fee,Derx,Male,2025-10-19,fderx6o@360.cn,Poland
223,Perrine,Sirl,Female,2024-12-25,,China
224,Haley,Ames,Male,2025-03-02,hames6s@businessinsider.com,Russia
225,Waverley,Patek,Male,2025-06-23,wpatek6t@mayoclinic.com,Indonesia
226,Nerissa,Gullane,Female,2025-07-27,ngullane6u@123-reg.co.uk,Ukraine
227,Rowland,Donaghie,Male,2024-12-06,,Cape Verde
228,Leo,Gillanders,Male,2025-02-13,lgillanders6w@webnode.com,China
229,Vinnie,Nayer,Female,2025-03-30,,Ukraine
230,Salaidh,Chandler,Female,2025-08-19,,Japan
231,Nicolis,Slator,Male,2025-09-04,nslator70@japanpost.jp,Croatia
232,Lambert,Jodlowski,Male,2025-05-07,,South Africa
233,Delbert,McGorley,Male,2025-05-11,dmcgorley72@nymag.com,Portugal
234,Bibbie,Haitlie,Female,2025-03-03,,France
235,Hillard,Lile,Male,2025-05-09,hlile74@nba.com,Ukraine
236,Garrick,Batch,Male,2025-10-20,,China
237,Natale,Jury,Male,2025-07-30,,China
238,Normand,Sexti,Male,2025-10-07,,China
239,Homer,Rushbrooke,Male,2025-02-27,hrushbrooke78@imgur.com,Russia
240,Susanna,Carter,Female,2025-07-03,scarter79@mapquest.com,Burundi
241,Cullen,Mossdale,Male,2025-07-03,,Thailand
242,Sharon,Kenny,Female,2025-06-26,,China
243,Seth,Bowhay,Male,2025-11-12,sbowhay7d@cbc.ca,China
244,Valma,Fewell,Female,2025-02-13,vfewell7e@reddit.com,Greece
245,Thibaud,McAnellye,Male,2025-02-14,tmcanellye7f@businessinsider.com,Poland
246,Meade,Cettell,Male,2025-08-25,mcettell7g@reuters.com,China
247,Burty,Jenny,Male,2025-02-15,bjenny7h@fotki.com,Indonesia
248,Trula,Huddy,Female,2025-08-16,,China
249,Pearle,Wooderson,Female,2025-10-09,,Brazil
250,Merna,Collinge,Female,2025-04-15,mcollinge7k@hc360.com,Philippines
251,Pennie,McGuggy,Male,2025-05-02,,United States
252,Allix,Sextone,Female,2025-05-01,asextone7m@youku.com,Saudi Arabia
253,Seamus,Woodrup,Male,2025-10-18,,Pakistan
254,Leta,Kedward,Female,2025-06-22,,Albania
255,Marie-jeanne,Whitelaw,Female,2024-11-22,,China
256,Donnie,Elcocks,Male,2025-05-20,delcocks7q@salon.com,China
257,Ossie,MacCaughey,Male,2025-01-25,,Spain
258,Fay,MacArte,Female,2025-03-10,fmacarte7s@slideshare.net,Sweden
259,Greer,Maxwell,Female,2025-11-17,,Ukraine
260,Morgan,Dimmne,Male,2025-02-18,mdimmne7u@jugem.jp,Sri Lanka
261,Sheilah,Blueman,Female,2025-06-02,,Greece
262,Bordy,Kits,Male,2025-08-03,,Portugal
263,Vin,MacLaren,Female,2025-04-02,vmaclaren7x@uol.com.br,Indonesia
264,Garold,Kingham,Male,2025-06-02,gkingham7y@mtv.com,China
265,Rosette,Fabri,Female,2024-11-29,rfabri7z@1und1.de,Albania
266,Letta,Claris,Female,2025-02-18,lclaris80@eepurl.com,China
267,Noelyn,Chalker,Female,2025-08-27,nchalker82@gizmodo.com,Indonesia
268,Mason,Falvey,Male,2025-07-26,mfalvey83@prweb.com,Brazil
269,Lorne,Center,Female,2025-08-25,lcenter84@newsvine.com,China
270,Mahmoud,Sprowell,Male,2025-08-24,msprowell85@answers.com,Haiti
271,Marvin,Gray,Male,2025-04-28,mgray86@reverbnation.com,Indonesia
272,Decca,McDermott,Male,2025-02-19,dmcdermott87@chron.com,Indonesia
273,Farrand,Rosenzwig,Female,2025-01-31,frosenzwig88@ucla.edu,China
274,Bax,Morby,Male,2025-08-04,bmorby89@vimeo.com,Argentina
275,Standford,Bruineman,Male,2025-07-20,,Uruguay
276,Innis,McEnteggart,Male,2025-08-06,,Philippines
277,Reggy,Muggleston,Male,2025-03-12,,Indonesia
278,Ossie,Bastock,Male,2025-01-21,,Gambia
279,Herminia,MacGillavery,Female,2025-01-28,hmacgillavery8g@nyu.edu,Japan
280,Sallyanne,Buddock,Female,2025-06-21,,Norway
281,Linet,Meineking,Female,2025-11-13,lmeineking8j@theguardian.com,China
282,Abner,Corey,Male,2025-10-08,,Russia
283,Sacha,Christoffels,Female,2025-05-20,schristoffels8l@hatena.ne.jp,Czech Republic
284,Marika,Patience,Female,2025-01-02,mpatience8m@abc.net.au,Peru
285,Mirella,Suddock,Female,2025-03-28,msuddock8n@topsy.com,Laos
286,Syd,Gollop,Male,2025-09-17,sgollop8o@miitbeian.gov.cn,China
287,Ruperta,Dubbin,Female,2025-01-11,rdubbin8p@yellowbook.com,Iran
288,Haydon,Touret,Male,2025-04-22,htouret8q@indiegogo.com,Greece
289,Gilbertine,Pindred,Female,2025-09-20,gpindred8s@arizona.edu,Macedonia
290,Deina,Aylen,Female,2025-07-01,daylen8t@cbslocal.com,Paraguay
291,Waylen,Walcot,Male,2025-09-05,,Philippines
292,Devin,Gretham,Male,2025-02-28,dgretham8v@boston.com,Indonesia
293,Petrina,Morena,Female,2025-03-01,pmorena8w@prweb.com,Indonesia
294,Indira,Bradnock,Female,2025-08-13,ibradnock8x@shareasale.com,Azerbaijan
295,Jase,Benois,Male,2025-05-18,jbenois8y@sbwire.com,Philippines
296,Rodrique,Peat,Male,2025-07-17,,Afghanistan
297,Dotti,Common,Female,2025-01-09,,Philippines
298,Daniel,Nesterov,Male,2024-12-19,dnesterov91@etsy.com,Portugal
299,Cal,Lebel,Male,2025-01-10,clebel92@vk.com,United States
300,Wynne,Jesteco,Female,2025-03-01,wjesteco93@kickstarter.com,China
301,Marlene,Peat,Female,2025-01-12,mpeat94@cpanel.net,China
302,Kirbie,Jewell,Female,2025-07-01,,China
303,Quent,McFarland,Male,2025-05-25,qmcfarland96@lycos.com,Poland
304,Corrine,Zealy,Female,2024-11-19,,China
305,Zacherie,Mullard,Male,2025-04-03,,Morocco
306,Fanchette,Desantis,Female,2025-02-13,,United States
307,Hilarius,Kull,Male,2025-02-07,hkull9b@i2i.jp,Mexico
308,Sofie,Prozescky,Female,2024-12-16,sprozescky9c@gov.uk,Germany
309,Maurise,Mottley,Male,2025-02-06,mmottley9d@salon.com,Philippines
310,Peter,Trulock,Male,2025-09-01,ptrulock9e@chronoengine.com,Iceland
311,Wynn,Lynd,Female,2025-02-28,wlynd9f@flavors.me,Ukraine
312,Codi,Vasyunkin,Male,2024-12-03,cvasyunkin9g@harvard.edu,Russia
313,Maurie,Gecks,Male,2025-03-24,,Spain
314,Bruce,Willingam,Male,2025-10-22,bwillingam9i@aol.com,China
315,Nichole,Singh,Male,2025-03-14,nsingh9j@geocities.com,Canada
316,Laurie,Hughman,Male,2025-05-26,lhughman9k@aboutads.info,United States
317,Inglis,Hollington,Male,2024-11-26,ihollington9l@csmonitor.com,France
318,Maxie,MacMeeking,Male,2025-01-07,mmacmeeking9m@printfriendly.com,Indonesia
319,Bart,McColl,Male,2025-06-14,bmccoll9n@patch.com,France
320,Arden,Pamphilon,Female,2025-03-09,,South Africa
321,Brigit,Getcliff,Female,2025-07-19,,China
322,Veronika,Inns,Female,2025-03-27,,France
323,Leanna,Widdowfield,Female,2025-02-02,,Russia
324,Carmen,Rutigliano,Female,2025-02-06,,Mexico
325,Eada,Gowen,Female,2025-02-20,egowen9t@state.tx.us,Brazil
326,Martyn,Channer,Male,2025-06-12,mchanner9u@usnews.com,Indonesia
327,Joel,Mac Geaney,Male,2025-04-29,jmacgeaney9v@google.fr,Sweden
328,Goldia,Carrack,Female,2025-04-12,gcarrack9w@flickr.com,Philippines
329,Ninetta,Tagg,Female,2024-11-24,ntagg9x@vinaora.com,Portugal
330,Gary,Castagne,Male,2025-10-08,gcastagne9y@github.io,China
331,Arlin,Josse,Male,2025-07-22,,Venezuela
332,Marina,Durran,Female,2025-02-01,mdurrana0@myspace.com,Indonesia
333,Nathanael,Greensmith,Male,2025-11-02,ngreensmitha2@samsung.com,Peru
334,Ase,Gwinnell,Male,2025-08-23,,Colombia
335,Inger,Panniers,Female,2025-07-15,ipanniersa4@topsy.com,Kazakhstan
336,Inez,Tatford,Female,2025-10-26,itatforda5@craigslist.org,China
337,Aaron,Forcer,Male,2024-11-28,aforcera8@youtube.com,Indonesia
338,Georgy,Salmons,Male,2025-07-19,gsalmonsa9@cyberchimps.com,Brazil
339,Bernie,Longland,Female,2025-10-26,,Colombia
340,Willyt,Hudel,Female,2024-12-27,whudelab@apache.org,Ecuador
341,Jocelyne,Benneton,Female,2024-12-05,jbennetonac@godaddy.com,Poland
342,Ursola,Relf,Female,2025-03-27,urelfad@intel.com,China
343,Puff,Upton,Male,2024-12-20,puptonae@cnbc.com,Peru
344,Chelsie,Gambell,Female,2024-12-07,cgambellaf@dyndns.org,Guatemala
345,Morgan,Clark,Female,2025-04-15,mclarkag@usa.gov,Indonesia
346,Bradley,Pippin,Male,2025-10-27,bpippinaj@bbc.co.uk,Afghanistan
347,Layla,Kynston,Female,2025-03-14,,Indonesia
348,Knox,Southon,Male,2025-01-27,,Venezuela
349,Fay,Sickling,Female,2024-11-20,fsicklingao@hostgator.com,Japan
350,Ogdan,Deex,Male,2025-10-29,,Russia
351,Aime,Bayford,Female,2025-04-07,abayfordaq@cloudflare.com,Uruguay
352,Claudianus,Dudeney,Male,2025-09-25,cdudeneyar@ehow.com,Greece
353,Derk,Sorrie,Male,2025-01-07,dsorrieas@nih.gov,China
354,Ty,Slimings,Male,2025-04-30,tslimingsat@unicef.org,Bangladesh
355,Rollo,Cordingly,Male,2025-09-26,,Malaysia
356,Arnuad,Wych,Male,2025-10-27,,Indonesia
357,Gibbie,Bertolin,Male,2025-10-27,gbertolinaw@sfgate.com,Indonesia
358,Marlyn,Rogans,Female,2024-12-22,mrogansax@jalbum.net,United States
359,Abbey,Beecham,Male,2024-12-06,abeechamay@deviantart.com,China
360,Phedra,Thwaites,Female,2025-09-16,pthwaitesaz@nyu.edu,Indonesia
361,Tiff,Mathes,Female,2025-06-12,tmathesb0@berkeley.edu,Indonesia
362,Elmer,McKall,Male,2025-07-18,emckallb1@archive.org,Tanzania
363,Rhett,Gleadhall,Male,2025-07-03,rgleadhallb2@blogtalkradio.com,Brazil
364,Dana,Anning,Female,2025-07-14,,Philippines
365,Herve,Tethcote,Male,2025-01-30,,Netherlands
366,Amby,Flewett,Male,2025-11-11,aflewettb6@vistaprint.com,Pakistan
367,Farrand,Alchin,Female,2025-07-01,falchinb8@printfriendly.com,Sweden
368,Gweneth,Glasscoo,Female,2024-11-24,gglasscoob9@dion.ne.jp,Russia
369,Sherm,O'Halleghane,Male,2024-12-06,sohalleghaneba@dagondesign.com,China
370,Glynnis,MacMenamin,Female,2025-05-14,gmacmenaminbb@rakuten.co.jp,Paraguay
371,Kellen,Franck,Male,2025-10-20,kfranckbc@angelfire.com,China
372,Neel,Smeeth,Male,2025-05-28,nsmeethbd@cloudflare.com,Slovenia
373,Kingsly,Gookey,Male,2025-06-17,kgookeybe@comsenz.com,Armenia
374,Giffie,Viveash,Male,2025-01-21,gviveashbf@etsy.com,China
375,Elyssa,Sliman,Female,2025-02-05,eslimanbg@imageshack.us,Portugal
376,Romeo,Fort,Male,2025-01-01,rfortbh@google.fr,Sweden
377,Kristo,Swettenham,Male,2025-05-18,kswettenhambi@dailymail.co.uk,Czech Republic
378,Phineas,Antonowicz,Male,2025-09-21,pantonowiczbj@fc2.com,China
379,Alexander,Foxall,Male,2025-01-31,afoxallbl@dropbox.com,Russia
380,Menard,Salmon,Male,2025-07-24,,Russia
381,Shay,Popeley,Male,2024-12-21,spopeleybn@biblegateway.com,China
382,Zachery,Jenckes,Male,2025-02-12,zjenckesbp@seattletimes.com,Philippines
383,Marys,Guidi,Female,2024-12-24,mguidibq@acquirethisname.com,Indonesia
384,Sigvard,Senecaux,Male,2025-08-23,,Indonesia
385,Antonietta,Coronas,Female,2025-10-08,,Costa Rica
386,Vin,Kernan,Male,2025-08-19,,Indonesia
387,Yuma,Piercey,Male,2025-08-09,ypierceybu@ft.com,Mexico
388,Rahel,Fozard,Female,2025-05-08,rfozardbv@senate.gov,China
389,Rooney,Brugmann,Male,2025-02-05,rbrugmannbx@opensource.org,Indonesia
390,Kassandra,Kepp,Female,2025-07-12,kkeppby@eventbrite.com,Nigeria
391,Alvis,Cokly,Male,2025-05-20,acoklybz@prweb.com,China
392,Lyndell,Behnen,Female,2025-03-30,lbehnenc0@zdnet.com,China
393,Fabian,Shales,Male,2025-10-22,fshalesc2@lycos.com,Indonesia
394,Carmella,Leggs,Female,2025-11-10,,China
395,Lemar,Babbidge,Male,2025-05-07,lbabbidgec7@tinyurl.com,Vietnam
396,Nicko,Scardefield,Male,2025-04-22,nscardefieldc8@dedecms.com,China
397,Chris,Ketts,Female,2025-11-02,ckettsc9@exblog.jp,China
398,Allie,Whitebread,Male,2025-05-24,awhitebreadca@cnet.com,Morocco
399,Noam,Ternott,Male,2025-11-06,,China
400,Nikolos,O'Beirne,Male,2024-12-07,nobeirnecc@state.gov,Portugal
401,Gale,Wilber,Female,2025-09-21,gwilbercd@marriott.com,Syria
402,Lester,Truggian,Male,2025-01-23,ltruggiancf@umich.edu,Ukraine
403,Addy,Neachell,Male,2025-04-25,aneachellcg@pagesperso-orange.fr,Indonesia
404,Ninetta,Kleinert,Female,2025-04-08,nkleinertch@google.es,Indonesia
405,Mike,Dillistone,Male,2025-04-05,,New Zealand
406,Fan,Kettlesing,Female,2025-06-09,,China
407,Alia,Wisham,Female,2025-03-13,awishamcl@mapy.cz,Saint Vincent and the Grenadines
408,Gerti,Soggee,Female,2025-03-21,gsoggeecm@etsy.com,Finland
409,Elisa,Hiscoke,Female,2025-06-10,,Portugal
410,Kippie,Trevan,Female,2025-02-12,ktrevancp@merriam-webster.com,Japan
411,Adrianna,Pettingill,Female,2025-04-12,,China
412,Marvin,Phelip,Male,2025-04-07,mphelipcs@yahoo.co.jp,Portugal
413,Warren,Goatcher,Male,2025-08-18,wgoatcherct@vimeo.com,Peru
414,Ingrid,Durtnel,Female,2025-05-08,,Indonesia
415,Forster,Bointon,Male,2024-12-01,fbointoncv@cisco.com,Philippines
416,Enrique,Kynan,Male,2025-02-25,,China
417,Celinda,North,Female,2025-05-01,cnorthcx@ask.com,Russia
418,Obadiah,Calton,Male,2025-10-18,ocaltoncy@alexa.com,Egypt
419,Lynne,Reany,Female,2024-12-16,lreanycz@unc.edu,Spain
420,Ario,Bache,Male,2025-10-25,abached1@ovh.net,Mexico
421,Noelani,Gerriessen,Female,2025-07-15,ngerriessend2@hhs.gov,Finland
422,Freddy,Firk,Male,2025-09-19,ffirkd4@mapquest.com,Mauritius
423,Beverlee,Smooth,Female,2025-09-02,bsmoothd5@redcross.org,Japan
424,Amalle,Klimes,Female,2025-11-01,aklimesd6@washington.edu,Russia
425,Annecorinne,Ormrod,Female,2024-12-21,aormrodd8@sina.com.cn,Tanzania
426,Zolly,Padell,Male,2025-05-23,zpadelld9@1688.com,Palestinian Territory
427,Eleen,Wenger,Female,2025-09-13,,Indonesia
428,Dominique,Grinyer,Male,2025-05-16,dgrinyerdb@psu.edu,Philippines
429,Grover,Dowtry,Male,2025-04-27,,Indonesia
430,Zsazsa,Fernanando,Female,2025-04-13,,South Africa
431,Tab,Orr,Male,2025-09-27,torrdg@examiner.com,China
432,Tamera,Laborda,Female,2025-07-02,tlabordadh@skype.com,Russia
433,Corny,Islep,Male,2025-04-18,cislepdi@jalbum.net,Indonesia
434,Jeane,Whenman,Female,2025-08-17,jwhenmandj@wikispaces.com,China
435,Cull,Ithell,Male,2024-11-23,cithelldk@go.com,China
436,Cristobal,Kermit,Male,2025-11-15,ckermitdl@sun.com,Sweden
437,Theobald,Imos,Male,2025-10-03,timosdm@barnesandnoble.com,Estonia
438,Pavel,Hardacre,Male,2025-01-23,,China
439,Gretel,Ormiston,Female,2025-06-03,,Indonesia
440,Constantin,Hanley,Male,2025-02-10,chanleydp@europa.eu,Argentina
441,Alvin,Rhoddie,Male,2025-11-16,arhoddiedq@netlog.com,Philippines
442,Gerry,Croose,Female,2025-06-07,gcroosedr@lycos.com,Indonesia
443,Mallorie,Pomfrett,Female,2025-09-06,mpomfrettds@parallels.com,Suriname
444,Courtnay,Dougary,Female,2025-05-06,,Netherlands
445,Cloe,Finci,Female,2025-01-03,cfincidu@mail.ru,China
446,Laverna,Adey,Female,2025-08-04,,Indonesia
447,Rad,Addis,Male,2024-12-12,raddisdw@sogou.com,Yemen
448,Dianemarie,McGauhy,Female,2025-02-02,dmcgauhydx@fema.gov,China
449,Joanie,Trask,Female,2025-08-02,jtraskdy@shinystat.com,Philippines
450,Tamar,Jirick,Female,2025-10-01,tjirickdz@jigsy.com,Palestinian Territory
451,Arlin,Crighton,Male,2025-05-09,,Colombia
452,Alfie,Kleanthous,Female,2025-03-31,,Sweden
453,Pepe,Faulkes,Male,2025-08-15,pfaulkese4@cpanel.net,Ireland
454,Luisa,Mc Caughen,Female,2025-10-01,lmccaughene5@howstuffworks.com,Philippines
455,Cindra,MacRitchie,Female,2025-05-31,cmacritchiee8@github.com,China
456,Sullivan,Tregoning,Male,2024-12-20,,Indonesia
457,Sidonnie,Cromett,Female,2025-09-17,scromettea@edublogs.org,Portugal
458,Correy,Pittway,Male,2025-02-17,cpittwayeb@ucsd.edu,Bangladesh
459,Fulvia,Charette,Female,2025-06-23,,Democratic Republic of the Congo
460,Valene,Romaynes,Female,2024-12-20,vromaynesed@imdb.com,Sweden
461,Dede,Fuggle,Female,2025-04-24,dfuggleee@engadget.com,El Salvador
462,Dotti,Arling,Female,2025-05-05,darlingef@latimes.com,Philippines
463,Noah,Blooman,Male,2025-11-14,nbloomaneg@disqus.com,Peru
464,Caye,Benzie,Female,2025-09-24,cbenzieeh@imdb.com,"Bonaire, Saint Eustatius and Saba "
465,Sayres,Brodway,Male,2025-04-11,sbrodwayei@mtv.com,Libya
466,Wade,Gerin,Male,2025-01-26,wgerinej@chicagotribune.com,China
467,Berk,Randall,Male,2025-04-18,,Brazil
468,Cozmo,Borrington,Male,2025-01-14,cborringtonel@archive.org,Ethiopia
469,Emlyn,Dreinan,Female,2025-10-26,edreinanem@amazon.com,North Korea
470,Douglass,Lemm,Male,2025-03-14,dlemmen@cdc.gov,China
471,Brendin,Howling,Male,2025-01-15,bhowlingeo@liveinternet.ru,Egypt
472,Nicole,D'Ugo,Female,2025-06-04,ndugoep@fotki.com,Tunisia
473,Maggie,Pinder,Female,2025-07-20,mpinderer@springer.com,Philippines
474,Moira,Gravenell,Female,2025-07-03,mgravenelles@cnbc.com,China
475,Ebeneser,Conkie,Male,2025-07-12,econkieet@gravatar.com,United States
476,Jania,Feast,Female,2025-07-16,jfeasteu@fastcompany.com,Indonesia
477,Conrad,McQuirter,Male,2025-07-06,cmcquirterev@pinterest.com,Indonesia
478,Ritchie,Maccree,Male,2025-08-08,rmaccreeew@dmoz.org,China
479,Britte,Agott,Female,2025-06-21,bagottex@quantcast.com,Italy
480,Sherie,Ivanusyev,Female,2025-05-05,sivanusyevey@redcross.org,Senegal
481,Gratia,Cicculini,Female,2025-02-15,gcicculiniez@msn.com,Brazil
482,Aliza,Cruwys,Female,2025-03-20,acruwysf1@vimeo.com,Indonesia
483,Jacenta,Roff,Female,2025-11-07,,Portugal
484,Darla,Stening,Female,2025-08-10,,Finland
485,Layton,Govier,Male,2025-04-11,,Brazil
486,Debbi,Duchart,Female,2024-11-21,dduchartf5@craigslist.org,Indonesia
487,Sarette,Wakely,Female,2025-01-09,swakelyf7@edublogs.org,Mongolia
488,Kaitlyn,L'Episcopio,Female,2025-03-05,klepiscopiof8@hatena.ne.jp,China
489,Ailina,Halewood,Female,2024-12-04,ahalewoodf9@hostgator.com,Sweden
490,Hagen,Dearman,Male,2025-09-06,hdearmanfa@freewebs.com,Indonesia
491,Gracia,Kloska,Female,2025-09-22,,Sweden
492,Lucho,Godman,Male,2025-03-01,lgodmanfd@webnode.com,Finland
493,Lorain,Garrand,Female,2025-08-29,,Indonesia
494,Harbert,Baumadier,Male,2025-05-03,hbaumadierff@sun.com,Ecuador
495,Barrie,Lathbury,Female,2025-06-21,blathburyfg@tinyurl.com,Belarus
496,Loria,Chorlton,Female,2025-08-13,,China
497,Neddy,Trude,Male,2025-06-27,ntrudefk@i2i.jp,Indonesia
498,Art,Whotton,Male,2025-05-03,awhottonfl@last.fm,Russia
499,Sherman,Soall,Male,2025-07-19,ssoallfm@toplist.cz,Indonesia
500,Beth,Clayill,Female,2024-12-03,bclayillfn@netvibes.com,Peru
501,Chester,Vannozzii,Male,2025-10-25,cvannozziifo@wunderground.com,Colombia
502,Janine,Harty,Female,2025-08-07,,Yemen
503,Lorelei,Dinnis,Female,2024-12-07,ldinnisfq@barnesandnoble.com,Russia
504,Salome,Sagg,Female,2025-01-01,ssaggfs@moonfruit.com,Jordan
505,Fiorenze,Plevey,Female,2025-06-26,fpleveyfw@lycos.com,Canada
506,Elizabeth,Slyne,Female,2025-08-17,,Greece
507,Allsun,Collumbell,Female,2025-04-16,,Iran
508,Morty,Cliss,Male,2025-04-30,mclissg0@cyberchimps.com,Indonesia
509,Sarah,Halliday,Female,2024-11-23,,South Africa
510,Anne-marie,Spradbery,Female,2025-10-20,aspradberyg2@marriott.com,Nigeria
511,Weidar,Seville,Male,2025-03-03,wsevilleg3@gov.uk,Iceland
512,Kimble,Crockford,Male,2025-10-22,kcrockfordg5@utexas.edu,Ukraine
513,Jdavie,Ilyunin,Male,2025-08-17,jilyuning6@salon.com,United States
514,Bar,Burel,Male,2025-11-09,bburelg7@google.pl,Poland
515,Quinlan,Entreis,Male,2025-10-25,qentreisg8@ask.com,China
516,Bogey,Hearon,Male,2025-11-06,bhearong9@nbcnews.com,Czech Republic
517,Alaric,Lief,Male,2025-06-10,aliefga@timesonline.co.uk,Greece
518,Glennie,Gudgen,Female,2025-08-22,ggudgengb@purevolume.com,Russia
519,Teddie,Tidbold,Female,2025-11-09,ttidboldgc@senate.gov,Haiti
520,Georgie,Vittore,Male,2025-05-07,,China
521,Sandye,Orrom,Female,2025-04-19,sorromge@miibeian.gov.cn,Indonesia
522,Laverne,Pykett,Female,2025-02-19,lpykettgf@auda.org.au,Indonesia
523,Maurizia,Brideoke,Female,2025-05-17,mbrideokegg@facebook.com,Gabon
524,Rowney,Stanion,Male,2025-05-23,rstaniongh@shareasale.com,Philippines
525,Marcelia,Bevens,Female,2025-05-22,mbevensgi@w3.org,South Africa
526,Torey,Teresa,Male,2025-01-03,tteresagj@meetup.com,Haiti
527,Marrissa,Try,Female,2025-03-05,,Pakistan
528,Adrianne,Turbefield,Female,2025-09-29,aturbefieldgl@mediafire.com,Poland
529,Isidoro,Dugall,Male,2025-08-01,idugallgm@deviantart.com,Ireland
530,Hermina,Peter,Female,2025-04-04,hpetergn@ca.gov,China
531,Oswald,Polino,Male,2025-09-07,,Guatemala
532,Nikolos,Dorber,Male,2025-08-29,ndorbergp@imgur.com,Luxembourg
533,Frederich,Whitlock,Male,2025-04-20,fwhitlockgq@salon.com,China
534,Nora,Dumphrey,Female,2025-09-08,,Russia
535,Chad,Brent,Male,2025-01-15,cbrentgs@ca.gov,Indonesia
536,Jillayne,Lander,Female,2024-12-05,jlandergu@vkontakte.ru,Indonesia
537,Hanson,Fellman,Male,2025-03-25,hfellmangv@omniture.com,Poland
538,Alia,Scartifield,Female,2024-12-04,,Denmark
539,Tomi,Echalie,Female,2025-07-09,,Reunion
540,Sabina,Gillam,Female,2025-08-15,sgillamh0@cargocollective.com,Greece
541,Tiffany,Joutapaitis,Female,2025-02-17,,Indonesia
542,Lancelot,Willson,Male,2025-07-01,lwillsonh2@webs.com,China
543,Mervin,Hackley,Male,2025-02-11,,Malaysia
544,Monroe,Brookesbie,Male,2025-09-15,,Portugal
545,Danita,Kynd,Female,2025-07-09,dkyndh5@google.co.uk,Indonesia
546,Cosette,Zeplin,Female,2025-01-01,,El Salvador
547,Stephi,Elphinston,Female,2024-12-31,selphinstonh8@amazon.de,Macedonia
548,Philippine,Wison,Female,2025-05-14,,Indonesia
549,Kearney,Muzzullo,Male,2025-02-02,kmuzzullohb@state.gov,Japan
550,Mervin,Burkett,Male,2025-01-23,,Brazil
551,Wynne,Stockin,Female,2025-06-24,wstockinhd@salon.com,China
552,Elsy,Kovalski,Female,2025-01-03,ekovalskihe@1und1.de,Ukraine
553,Collen,Kearton,Female,2025-06-05,ckeartonhf@berkeley.edu,Brazil
554,Darelle,Grushin,Female,2025-11-17,,Kazakhstan
555,Chaddie,Tillard,Male,2025-07-12,ctillardhh@ezinearticles.com,Philippines
556,Milicent,Vasyunichev,Female,2025-10-30,mvasyunichevhi@gizmodo.com,Indonesia
557,Abbot,Kempstone,Male,2025-10-24,,Colombia
558,Hedda,Nurden,Female,2025-03-22,hnurdenhk@1und1.de,Russia
559,Arron,Sabater,Male,2025-02-24,,Indonesia
560,Marijo,Dorie,Female,2024-12-07,mdoriehm@bloglovin.com,Bulgaria
561,Corissa,Cubbit,Female,2024-12-11,ccubbitho@guardian.co.uk,Czech Republic
562,Hali,Winteringham,Female,2025-10-15,,Ukraine
563,Milicent,Checcucci,Female,2025-08-03,mcheccuccihq@instagram.com,Philippines
564,Vincenty,Ramshay,Male,2025-04-03,vramshayhr@is.gd,Greece
565,Clay,Bakewell,Male,2025-05-28,cbakewellhs@baidu.com,Portugal
566,Wilfred,Coddrington,Male,2025-04-06,wcoddringtonhu@dell.com,China
567,Fidelio,Redit,Male,2025-10-21,,China
568,Kaia,MacTrustey,Female,2025-06-13,kmactrusteyhw@google.com.br,Kazakhstan
569,Silvie,Wickson,Female,2025-09-22,swicksonhx@indiegogo.com,Thailand
570,Giorgi,Pym,Male,2025-04-20,gpymhy@merriam-webster.com,Malta
571,Xaviera,Sleeny,Female,2025-05-05,,Belarus
572,Lezley,Ingliby,Male,2025-01-09,linglibyi0@geocities.jp,Portugal
573,Mickie,Pyle,Male,2025-10-31,mpylei1@ow.ly,Ukraine
574,Lennard,Southward,Male,2025-03-29,,Philippines
575,Dag,de Cullip,Male,2025-05-14,ddecullipi3@answers.com,Peru
576,Meggi,Jerromes,Female,2025-01-26,,South Korea
577,Leonhard,Iskowitz,Male,2025-09-09,,France
578,Brandie,Benettini,Female,2025-05-04,bbenettinii7@yelp.com,Croatia
579,Ranna,Barosch,Female,2025-09-01,rbaroschi8@marketwatch.com,Iran
580,Wilton,Wheeliker,Male,2025-02-22,wwheelikeri9@icq.com,Indonesia
581,Sander,Skeats,Male,2025-03-12,sskeatsia@answers.com,Spain
582,Cristy,Cortez,Female,2024-12-09,ccortezib@friendfeed.com,China
583,Dewie,Tropman,Male,2024-12-07,dtropmanic@mozilla.org,Austria
584,Tab,Willison,Male,2025-10-26,,Portugal
585,Shannon,Kightly,Male,2025-05-06,,United States
586,Rupert,Haig,Male,2025-02-07,rhaigif@yandex.ru,Suriname
587,Ritchie,Dench,Male,2025-09-27,rdenchig@bluehost.com,France
588,Rea,Achurch,Female,2024-11-24,rachurchih@elpais.com,Pakistan
589,Sauveur,Millichap,Male,2025-01-12,smillichapii@va.gov,Ecuador
590,Laurent,Deignan,Male,2025-04-25,ldeignanij@usnews.com,Russia
591,Cynthea,Borgesio,Female,2024-12-08,cborgesioik@pen.io,China
592,Emelita,Kennon,Female,2025-03-04,ekennonil@nymag.com,Russia
593,Harmon,Maccaddie,Male,2025-01-30,,Mexico
594,Titos,Talbot,Male,2025-10-14,ttalbotin@ask.com,China
595,Max,Billam,Female,2025-07-08,mbillamio@wikia.com,Argentina
596,Ileana,Degnen,Female,2024-12-17,idegnenip@newsvine.com,Macedonia
597,Clara,Diche,Female,2025-03-07,cdicheiq@jalbum.net,Russia
598,Freida,Shevelin,Female,2025-03-31,,Finland
599,Alex,Fatkin,Female,2025-02-24,afatkinis@amazon.co.jp,Indonesia
600,Lisette,Carayol,Female,2025-07-30,lcarayoliu@berkeley.edu,Nigeria
601,Madella,Tidbald,Female,2025-01-09,mtidbaldiv@biglobe.ne.jp,Czech Republic
602,Winfred,Hentzeler,Male,2025-06-15,whentzeleriw@ask.com,South Korea
603,Amerigo,Walenta,Male,2025-06-17,awalentaix@e-recht24.de,Philippines
604,Ole,Workes,Male,2025-04-24,oworkesiy@upenn.edu,China
605,Marlyn,Gronowe,Female,2025-08-02,mgronoweiz@yelp.com,Mali
606,Selinda,Gerhts,Female,2024-11-27,sgerhtsj0@nifty.com,China
607,Brent,Keeting,Male,2025-11-03,,Indonesia
608,Gilberta,Meekin,Female,2025-06-02,gmeekinj2@technorati.com,Sweden
609,Eimile,Agius,Female,2025-05-01,eagiusj3@wordpress.com,China
610,Bram,Coldrick,Male,2025-04-08,bcoldrickj4@google.com,France
611,Raul,Elias,Male,2025-03-14,,United States
612,Bennett,Ghiriardelli,Male,2025-04-19,bghiriardellij7@weather.com,Sweden
613,Abba,Van Der Weedenburg,Male,2025-08-29,avanderweedenburgj8@ow.ly,Japan
614,Hynda,Bernaert,Female,2025-01-03,hbernaertj9@icio.us,Russia
615,Stern,Huttley,Male,2025-10-15,shuttleyja@123-reg.co.uk,Ukraine
616,Gavan,Lethbrig,Male,2025-09-12,glethbrigjb@house.gov,France
617,Cory,Hethron,Female,2024-11-23,,Syria
618,Gav,Owain,Male,2025-06-15,,Portugal
619,Josias,Sapauton,Male,2025-03-16,jsapautonje@tinyurl.com,Myanmar
620,Ignatius,Sabate,Male,2025-01-13,isabatejf@phoca.cz,Lithuania
621,Berta,Grammer,Female,2025-02-09,bgrammerjg@goo.gl,Syria
622,Hilliary,Leney,Female,2024-12-20,,China
623,Munroe,Joddins,Male,2025-06-07,mjoddinsji@freewebs.com,Russia
624,Delmor,Doswell,Male,2025-03-04,,Russia
625,Karalee,Stickley,Female,2025-08-24,kstickleyjl@vistaprint.com,Philippines
626,Maritsa,Grassin,Female,2025-10-03,mgrassinjm@buzzfeed.com,Brazil
627,Arie,Sycamore,Male,2025-06-13,asycamorejn@privacy.gov.au,Ukraine
628,Katheryn,Wong,Female,2025-01-29,kwongjo@vinaora.com,China
629,Brendon,Livermore,Male,2025-10-15,blivermorejp@zdnet.com,China
630,Thekla,Draxford,Female,2025-03-15,tdraxfordjq@unicef.org,China
631,Celisse,Rothschild,Female,2025-05-23,,Philippines
632,Calley,Loxly,Female,2025-09-24,cloxlyjs@dailymotion.com,Saudi Arabia
633,Margeaux,Tudbald,Female,2025-07-12,mtudbaldjt@amazon.com,China
634,Woodie,Bembridge,Male,2025-08-09,wbembridgeju@geocities.jp,Philippines
635,Lenore,Ofer,Female,2025-05-08,,Indonesia
636,Pacorro,Blasi,Male,2025-11-06,pblasijw@homestead.com,El Salvador
637,Eamon,Benediktsson,Male,2025-03-24,ebenediktssonjx@house.gov,China
638,Wileen,Salaman,Female,2025-05-23,wsalamanjy@livejournal.com,China
639,Urbain,Dike,Male,2025-07-04,udikek0@about.com,Sweden
640,Toddie,Carlucci,Male,2025-11-06,tcarluccik2@umn.edu,Afghanistan
641,Novelia,Docharty,Female,2025-04-22,,United States
642,Henryetta,Penzer,Female,2025-08-10,hpenzerk4@apache.org,Moldova
643,Shayna,Bicksteth,Female,2025-02-27,,Indonesia
644,Emelyne,Goligly,Female,2025-11-07,,Brazil
645,Lucias,Patinkin,Male,2025-09-15,lpatinkink8@mapquest.com,Dominican Republic
646,Alyosha,Mapples,Male,2025-03-01,,Vietnam
647,Valry,Aarons,Female,2025-09-22,,China
648,Arte,Buckthorp,Male,2025-07-09,abuckthorpkb@sciencedaily.com,China
649,Jessamyn,Windram,Female,2024-12-07,jwindramkc@google.com.hk,Zimbabwe
650,Angelle,Kenna,Female,2025-02-23,,China
651,Lennard,Etoile,Male,2025-08-21,letoileke@last.fm,United States
652,Lou,Glanert,Female,2025-08-02,lglanertkf@harvard.edu,Indonesia
653,Rae,Chrystal,Female,2024-12-26,,Portugal
654,Corny,Minger,Male,2025-05-12,cmingerkh@paypal.com,Indonesia
655,Bruis,Reville,Male,2025-07-25,brevilleki@qq.com,Paraguay
656,Trip,Spirritt,Male,2025-09-19,tspirrittkj@cpanel.net,Sri Lanka
657,Maris,Lindeman,Female,2025-10-14,mlindemankm@list-manage.com,Brazil
658,Shirley,Rodrigues,Female,2025-09-22,srodrigueskn@cdbaby.com,Russia
659,Noach,Jozsika,Male,2024-12-05,,Indonesia
660,Ann,Tuvey,Female,2025-09-06,,Mexico
661,Rogerio,Munning,Male,2025-05-17,rmunningkr@msu.edu,Portugal
662,Onofredo,De la Eglise,Male,2025-08-14,odelaeglisekt@webmd.com,Brazil
663,Wernher,Davion,Male,2025-10-09,wdavionku@ameblo.jp,Russia
664,Skippy,Sansam,Male,2025-09-01,ssansamkv@rediff.com,Brazil
665,Hermia,South,Female,2025-01-19,,Greece
666,Albertina,O'Cooney,Female,2025-04-29,aocooneykx@angelfire.com,Palestinian Territory
667,Anton,Fealey,Male,2025-08-14,afealeyky@smh.com.au,Nicaragua
668,Ardyth,Houston,Female,2025-03-06,ahoustonkz@youku.com,Tanzania
669,Hayyim,Linscott,Male,2024-12-24,hlinscottl0@gnu.org,China
670,Reidar,Laidler,Male,2025-08-24,rlaidlerl1@desdev.cn,China
671,Constance,Joslin,Female,2025-09-21,cjoslinl2@dmoz.org,Brazil
672,Theobald,Tuckie,Male,2025-07-22,,Poland
673,Angel,Jime,Male,2025-07-29,ajimel4@chicagotribune.com,United States
674,Guthrey,Morford,Male,2025-01-25,gmorfordl5@4shared.com,Vietnam
675,Loydie,Affron,Male,2025-10-12,,United States
676,Rivy,Gameson,Female,2024-12-11,rgamesonl7@wsj.com,China
677,Milli,Roundtree,Female,2025-03-19,mroundtreel8@mediafire.com,Indonesia
678,Ari,Lamden,Male,2025-03-23,alamdenl9@paypal.com,Indonesia
679,Jesus,Bentick,Male,2025-03-17,jbentickla@icq.com,Serbia
680,Ashil,Piatkow,Female,2025-10-08,apiatkowlb@drupal.org,Japan
681,Jenilee,Myers,Female,2025-01-30,jmyerslc@economist.com,Argentina
682,Virgie,Clows,Male,2025-06-12,vclowsld@rakuten.co.jp,Portugal
683,Wolfy,Fain,Male,2025-10-19,wfainle@gizmodo.com,China
684,Devland,Kain,Male,2025-07-25,dkainlf@google.it,China
685,Aliza,Cessford,Female,2025-07-31,acessfordlg@cargocollective.com,Russia
686,Aura,Elland,Female,2025-07-22,aellandlh@google.fr,China
687,Thurstan,Alton,Male,2025-08-09,taltonlj@sun.com,Greece
688,Reinhold,Winton,Male,2025-07-03,rwintonlk@scientificamerican.com,Russia
689,Alf,Fechnie,Male,2025-06-22,,Indonesia
690,Letitia,Regorz,Female,2025-03-31,lregorzlm@psu.edu,China
691,Ediva,Surmon,Female,2024-12-16,esurmonln@github.com,Bulgaria
692,Glendon,Hamley,Male,2025-02-16,ghamleylo@cbslocal.com,Indonesia
693,Christan,Peek,Female,2025-04-27,cpeeklp@goo.ne.jp,Azerbaijan
694,Pauli,Kundt,Female,2025-10-12,,Indonesia
695,Darcie,Confait,Female,2024-12-11,dconfaitlr@apache.org,Brazil
696,Gilemette,Molnar,Female,2025-07-03,gmolnarls@trellian.com,Haiti
697,Connie,Baggett,Male,2024-11-28,,Philippines
698,Evered,Weafer,Male,2025-11-10,eweaferlu@chron.com,Russia
699,Homere,Ethelstone,Male,2025-06-15,,Croatia
700,Dante,Braferton,Male,2025-02-08,dbrafertonlw@homestead.com,Russia
701,Agnes,Klas,Female,2024-11-27,aklaslx@japanpost.jp,China
702,Cyrille,Biaggioni,Male,2025-10-12,,China
703,Baillie,Macura,Male,2025-01-24,bmacuram0@amazonaws.com,Sweden
704,Sheilakathryn,Stanesby,Female,2025-04-06,sstanesbym1@com.com,Indonesia
705,Teodora,Emmatt,Female,2025-04-24,temmattm2@utexas.edu,Czech Republic
706,Fax,Sherme,Male,2025-01-16,fshermem3@google.cn,Russia
707,Eben,Arkin,Male,2025-09-09,,China
708,Katlin,McIlroy,Female,2025-11-02,kmcilroym6@example.com,United States
709,Blisse,Beasleigh,Female,2025-01-09,bbeasleighm7@boston.com,China
710,Verney,Ivison,Male,2025-09-10,vivisonm8@theatlantic.com,Colombia
711,Renaud,De Banke,Male,2025-08-22,rdebankem9@mashable.com,China
712,Prissie,Vidloc,Female,2024-11-27,pvidlocma@com.com,Philippines
713,Gunter,Rook,Male,2024-12-23,grookmb@gov.uk,China
714,Blaire,Blackham,Female,2025-01-04,bblackhammc@creativecommons.org,Portugal
715,Boone,Bartoszinski,Male,2025-03-13,bbartoszinskimd@t.co,Portugal
716,Leonardo,Langman,Male,2025-01-29,llangmanmf@mysql.com,Russia
717,Mandi,Mark,Female,2025-07-14,mmarkmg@xing.com,Venezuela
718,Lorenzo,Danks,Male,2024-12-03,ldanksmh@berkeley.edu,Russia
719,Tatum,Fargie,Female,2025-09-27,tfargiemi@wikipedia.org,Sweden
720,Leland,Ohlsen,Female,2025-10-22,lohlsenmj@list-manage.com,Serbia
721,Farlay,Herley,Male,2025-09-11,fherleymk@scientificamerican.com,Finland
722,Cecil,Zanetto,Female,2024-12-02,czanettoml@stumbleupon.com,Greece
723,Hammad,Dottrell,Male,2025-01-29,hdottrellmm@delicious.com,Indonesia
724,Mayer,Slyne,Male,2025-05-27,mslynemn@tripod.com,China
725,Sandy,Sayburn,Female,2025-08-22,ssayburnmo@wikipedia.org,Japan
726,Clem,Cleveland,Male,2025-05-04,cclevelandmp@t.co,China
727,Morten,Gallone,Male,2025-11-14,mgallonemq@sun.com,Netherlands
728,Krystal,Ebbens,Female,2025-06-27,kebbensmr@smugmug.com,China
729,Eleni,Ebbage,Female,2025-11-03,eebbagems@ebay.co.uk,Syria
730,Jourdan,Graveston,Female,2025-10-31,,Philippines
731,Neel,Beautyman,Male,2025-03-07,nbeautymanmu@wikipedia.org,China
732,Eilis,Henrique,Female,2024-12-21,ehenriquemw@xing.com,China
733,Davie,Creasy,Male,2025-07-06,,Philippines
734,Kiri,Scowcroft,Female,2024-12-28,kscowcroftmz@zimbio.com,China
735,Marcus,Tuff,Male,2025-08-11,,Kazakhstan
736,Sigvard,Buttress,Male,2024-11-30,sbuttressn1@soup.io,El Salvador
737,Merridie,Andreasen,Female,2025-09-15,,Mongolia
738,Nerita,Littrick,Female,2025-01-22,nlittrickn3@mysql.com,Argentina
739,Katey,Legon,Female,2025-02-26,,Indonesia
740,Chad,Simonard,Female,2025-06-26,,Syria
741,Astrid,Windley,Female,2025-02-07,,Poland
742,Derward,Litherborough,Male,2025-04-04,dlitherboroughn7@pcworld.com,Sweden
743,Jaquenette,Goosnell,Female,2025-10-21,jgoosnelln8@joomla.org,Philippines
744,Vincent,Kenwood,Male,2025-11-03,,Thailand
745,Marleen,McWhan,Female,2025-08-19,mmcwhanna@google.com.br,Serbia
746,Kain,Goodfield,Male,2025-10-09,kgoodfieldnb@about.me,Poland
747,Estrella,Grim,Female,2025-04-03,egrimnc@nydailynews.com,Zambia
748,Kaela,Lyddiatt,Female,2025-04-18,,China
749,Genny,Tabourier,Female,2025-02-20,,China
750,Harriott,McNeilley,Female,2024-12-21,hmcneilleyng@nationalgeographic.com,China
751,Giuditta,Dooland,Female,2025-10-12,gdoolandnh@ted.com,Peru
752,Myca,Hanburry,Male,2024-12-28,mhanburrynj@hexun.com,Slovenia
753,Delmore,Aylin,Male,2025-01-22,,Sierra Leone
754,Tad,Truran,Male,2025-10-22,ttrurannl@abc.net.au,Poland
755,Marina,Henker,Female,2025-02-21,mhenkernm@cdc.gov,Moldova
756,Tirrell,Kempe,Male,2025-02-19,tkempenn@reddit.com,Thailand
757,Tiler,Escoffier,Male,2025-01-08,tescoffiernp@nymag.com,China
758,Kelci,Whithorn,Female,2025-05-21,,Russia
759,Nancey,Tomkys,Female,2025-11-13,ntomkysnr@tmall.com,Poland
760,Carolee,Dunphy,Female,2025-09-12,cdunphyns@wired.com,United States
761,Adrea,Rabjohn,Female,2025-11-10,arabjohnnt@yandex.ru,Ukraine
762,Almira,Ricks,Female,2025-08-17,aricksnu@storify.com,Indonesia
763,Bradford,Hardson,Male,2025-09-24,,Ukraine
764,Juliane,Kubis,Female,2025-01-11,jkubisnw@usatoday.com,Indonesia
765,Dulci,Gartsyde,Female,2025-01-17,dgartsydenx@sciencedaily.com,Thailand
766,Seline,Fouldes,Female,2025-11-05,sfouldesny@canalblog.com,Madagascar
767,Avie,Ajean,Female,2025-07-20,,Nicaragua
768,Tynan,Sprott,Male,2024-12-29,tsprotto0@unc.edu,China
769,Tabitha,Checkley,Female,2025-10-07,tcheckleyo1@ezinearticles.com,Azerbaijan
770,Maryellen,Kruse,Female,2025-10-23,mkruseo3@kickstarter.com,China
771,Aaren,Rawsen,Female,2025-05-15,,Iran
772,Daven,Coppenhall,Male,2025-07-26,dcoppenhallo5@pbs.org,Sweden
773,Lilla,Hay,Female,2025-06-21,lhayo6@imageshack.us,Afghanistan
774,Chas,Kenion,Male,2025-05-09,ckeniono7@ihg.com,China
775,Jeremie,Swalwell,Male,2025-04-15,jswalwello8@indiatimes.com,Sweden
776,Germana,Wilsher,Female,2025-03-20,gwilshero9@tuttocitta.it,Brazil
777,Laverna,Lawfull,Female,2024-12-04,,Tunisia
778,Mendy,Bryns,Male,2025-08-09,,China
779,Katharine,Dewes,Female,2025-10-25,,China
780,Kevyn,Portigall,Female,2025-08-21,kportigallod@wikispaces.com,China
781,Sonnie,Stanyforth,Male,2025-10-30,sstanyforthoe@wix.com,Indonesia
782,Jarrid,Wraggs,Male,2024-12-19,jwraggsof@acquirethisname.com,Thailand
783,Ivette,Ivanyukov,Female,2025-10-12,iivanyukovog@is.gd,China
784,Allyce,Lettington,Female,2025-05-24,alettingtonoi@list-manage.com,Finland
785,Ignazio,Friese,Male,2025-10-06,ifrieseoj@jalbum.net,China
786,Timothee,Tegler,Male,2025-09-17,tteglerok@reference.com,Morocco
787,Mordy,Callway,Male,2025-07-23,mcallwayol@list-manage.com,Serbia
788,Fidel,Joyner,Male,2025-05-13,,China
789,Kameko,Pantin,Female,2025-04-04,,Brazil
790,Lura,Seabridge,Female,2025-03-17,,Finland
791,Jameson,Sherwood,Male,2025-03-25,,Philippines
792,Camella,Cypler,Female,2025-08-05,ccypleroq@privacy.gov.au,China
793,Brittney,Gemmill,Female,2025-07-01,bgemmillor@cbslocal.com,Indonesia
794,Kerwinn,Kennifeck,Male,2025-06-25,kkennifeckos@vk.com,Panama
795,Domingo,Potkin,Male,2025-07-01,dpotkinot@dagondesign.com,Morocco
796,Garrick,Trengrove,Male,2025-07-21,gtrengroveou@wsj.com,Peru
797,Brendin,Piotrkowski,Male,2025-07-25,bpiotrkowskiov@homestead.com,France
798,Farra,Scrivner,Female,2025-05-04,fscrivnerow@sogou.com,Portugal
799,Agna,Jina,Female,2025-08-13,ajinaox@chicagotribune.com,Mexico
800,Garry,Pyrton,Male,2025-02-06,gpyrtonoy@reuters.com,Poland
801,Gilles,Cregg,Male,2025-02-13,gcreggoz@adobe.com,United States
802,Sutherland,Murphy,Male,2025-09-26,smurphyp0@blogspot.com,Canada
803,Katleen,Saltmarshe,Female,2025-07-01,ksaltmarshep1@alexa.com,Russia
804,Sonny,Hitscher,Male,2025-06-27,,Canada
805,Shanie,Keats,Female,2025-07-31,,Czech Republic
806,Emmey,Anselm,Female,2025-08-03,eanselmp4@samsung.com,Brazil
807,Brice,Woodfine,Male,2025-03-02,bwoodfinep5@sciencedaily.com,China
808,Lissy,Berkeley,Female,2025-07-16,lberkeleyp6@dmoz.org,Greece
809,Reilly,Hegley,Male,2025-01-18,rhegleyp7@elegantthemes.com,Indonesia
810,Cull,Skeermor,Male,2025-11-02,cskeermorp8@ning.com,China
811,Marjy,Reditt,Female,2025-10-03,mredittp9@github.com,Czech Republic
812,Kayle,Hedde,Female,2024-12-25,kheddepc@icq.com,Russia
813,Vivyanne,Sine,Female,2024-11-24,vsinepd@fotki.com,Serbia
814,Cathyleen,O'Dowd,Female,2025-07-14,,Switzerland
815,Edd,Cuttelar,Male,2025-04-20,,Russia
816,Ted,Themann,Male,2025-01-29,,Brazil
817,Gradeigh,Wennington,Male,2025-03-14,gwenningtonpi@slideshare.net,Indonesia
818,Gertie,Searle,Female,2025-01-10,gsearlepj@intel.com,Nigeria
819,Ania,Jehu,Female,2025-02-07,,Australia
820,Reed,Guerin,Male,2024-12-08,rguerinpl@sfgate.com,Botswana
821,Shelli,Jewks,Female,2025-09-22,sjewkspm@alexa.com,Ukraine
822,Alix,Casone,Female,2025-06-18,acasonepn@usnews.com,China
823,Kenny,Redford,Male,2025-07-20,,United States
824,Abra,Gwillim,Female,2024-11-23,,Greece
825,Andrej,Wisher,Male,2025-01-28,awisherpq@abc.net.au,China
826,Kalle,Devine,Male,2024-11-30,kdevinepr@techcrunch.com,Iran
827,Reynolds,Boule,Male,2025-06-02,rbouleps@ameblo.jp,Brazil
828,Haskell,McShirie,Male,2025-02-10,hmcshiriept@godaddy.com,Portugal
829,Asa,Bonde,Male,2025-07-10,abondepu@gravatar.com,Sweden
830,Giuseppe,Stienham,Male,2024-11-25,gstienhampv@naver.com,Georgia
831,Ozzie,Anersen,Male,2025-01-05,oanersenpx@soundcloud.com,Poland
832,Winn,Cinavas,Male,2025-06-16,wcinavaspy@wisc.edu,Cameroon
833,Chrystel,Romain,Female,2025-11-01,cromainpz@gnu.org,Thailand
834,Chilton,Streeter,Male,2025-08-17,cstreeterq0@washingtonpost.com,Mexico
835,Celeste,Pudsall,Female,2025-11-15,cpudsallq1@ning.com,Canada
836,Anne-corinne,Kopke,Female,2025-06-20,akopkeq2@list-manage.com,Indonesia
837,Chaim,McEvay,Male,2025-09-28,cmcevayq3@sourceforge.net,Angola
838,Mace,Burgess,Male,2024-12-26,mburgessq5@nba.com,Philippines
839,Editha,Foyle,Female,2024-11-19,efoyleq6@wordpress.com,China
840,Aluin,Godfroy,Male,2025-07-08,,China
841,Syman,Lafontaine,Male,2025-10-10,slafontaineq9@altervista.org,Greece
842,Friedrich,Hubert,Male,2025-03-15,fhubertqb@who.int,China
843,Noll,Reame,Male,2025-09-12,nreameqc@tumblr.com,France
844,Rubin,Lamzed,Male,2024-11-22,rlamzedqd@sakura.ne.jp,Portugal
845,Denise,Drakeley,Female,2025-02-26,ddrakeleyqe@msn.com,Philippines
846,Lianna,Grimsley,Female,2025-10-12,lgrimsleyqf@blog.com,Ireland
847,Peria,Reynish,Female,2025-10-24,preynishqg@ox.ac.uk,Greece
848,Ebeneser,Lowmass,Male,2025-07-26,elowmassqh@google.nl,Poland
849,Bellina,Downes,Female,2025-10-29,bdownesqi@bluehost.com,Burundi
850,Ade,Remer,Male,2025-07-10,aremerqj@nhs.uk,China
851,Clint,McGrory,Male,2025-09-17,cmcgroryqk@photobucket.com,Philippines
852,Wittie,Wild,Male,2025-09-03,wwildql@shutterfly.com,China
853,Ephrem,McGilben,Male,2025-07-03,emcgilbenqm@technorati.com,China
854,Carena,Verduin,Female,2025-07-31,cverduinqn@hostgator.com,Philippines
855,Britt,Glayzer,Male,2025-07-30,bglayzerqo@sbwire.com,Ukraine
856,Tulley,Iamittii,Male,2025-07-10,,United States
857,Dorolisa,Gillyatt,Female,2025-02-17,,Sweden
858,Caril,Bugby,Female,2025-02-20,cbugbyqr@si.edu,Indonesia
859,Evaleen,Ambrodi,Female,2025-07-13,eambrodiqs@nbcnews.com,Canada
860,Eadith,Areles,Female,2025-09-29,earelesqt@weebly.com,Indonesia
861,Alex,Snel,Female,2025-04-20,,Colombia
862,Bibbie,Shirtcliffe,Female,2025-01-14,bshirtcliffeqv@theglobeandmail.com,Ecuador
863,Umberto,Vsanelli,Male,2025-04-23,uvsanelliqx@about.me,Thailand
864,Claudianus,Killiam,Male,2025-04-11,ckilliamqy@t-online.de,Ukraine
865,Loria,Caddy,Female,2024-12-29,,Brazil
866,Gavin,Edmeades,Male,2025-07-24,,China
867,Jarib,Bealing,Male,2024-12-31,jbealingr1@ebay.co.uk,China
868,Aluino,Haxell,Male,2025-04-29,ahaxellr2@netlog.com,Sweden
869,Freddy,Lindro,Female,2025-10-14,,Kosovo
870,Barr,Parkey,Male,2025-02-25,,China
871,Gaylord,Fookes,Male,2024-12-04,gfookesr5@paginegialle.it,Egypt
872,Wilona,Cussons,Female,2025-04-18,,China
873,Yulma,McUre,Male,2025-03-14,ymcurer7@mashable.com,Czech Republic
874,Ofella,McClements,Female,2025-06-21,,American Samoa
875,Josee,Dunnion,Female,2024-12-03,jdunnionr9@imdb.com,China
876,Deck,Fishbie,Male,2025-04-12,dfishbiera@privacy.gov.au,Indonesia
877,Nickolaus,Sartain,Male,2025-02-06,nsartainrb@miitbeian.gov.cn,Armenia
878,Dalia,Thody,Female,2025-01-02,dthodyrc@gmpg.org,China
879,Dillie,Probart,Male,2025-06-24,dprobartrd@cmu.edu,Philippines
880,Maurene,Tipens,Female,2025-04-12,mtipensre@guardian.co.uk,Slovenia
881,Minette,Zammett,Female,2025-02-14,mzammettrg@smugmug.com,Argentina
882,Rosina,Williamson,Female,2025-05-06,,South Africa
883,Nahum,Iglesias,Male,2025-06-22,niglesiasri@prweb.com,Pakistan
884,Conrade,Roizn,Male,2025-05-20,,China
885,Kalli,Metheringham,Female,2025-08-15,kmetheringhamrk@linkedin.com,Brazil
886,Lisetta,Housbey,Female,2025-10-15,lhousbeyrl@mapquest.com,Croatia
887,Wells,Rabidge,Male,2025-02-01,wrabidgerm@moonfruit.com,United States
888,Fairfax,Giddens,Male,2025-08-31,,Mexico
889,Cherilynn,Lortzing,Female,2025-09-23,,Pakistan
890,Michaelina,Enriques,Female,2024-12-08,,Indonesia
891,Josefina,Hubatsch,Female,2025-07-10,,Indonesia
892,Wilbert,Castro,Female,2025-10-16,wcastrorr@rakuten.co.jp,Slovenia
